Timestamp,Participant,GroupNumber,WPM,Accuracy %,TimeTaken,TestFile,MouseMovementTime,MouseClicks,MouseScrolls,TotalDuration,Backspaces
2025-11-06 01:42:49,Default,N/A,115.0,100.0,31.7,TextA.txt,0.000,0,0,31.540,14
2025-11-06 02:56:01,Default,N/A,28.9,99.7,120.0,SpreadsheetA.txt,2.214,0,0,120.000,37
2025-11-06 02:56:19,Default,N/A,0.0,0.0,0.0,SpreadsheetA.txt,2.214,0,0,0.000,37
2025-11-06 02:57:27,Default,N/A,56.0,100.0,61.9,SpreadsheetB.txt,0.000,0,0,61.900,39
2025-11-06 13:35:23,Default,N/A,54.0,100.0,15.1,SpreadsheetA.txt,0.000,7,0,15.114,0
Timestamp,Participant,GroupNumber,WPM,Accuracy %,TotalErrorRate,TimeTaken,TestFile,CorrectChars,IncorrectFixed,IncorrectNotFixed,MouseMovementTime,MouseClicks,MouseScrolls,TotalDuration,Backspaces
2025-11-06 15:23:34,Default,N/A,75.2,100.0,7.6,13.6,Default Text,85,7,0,0.000,0,0,13.558,7
Timestamp,Participant,GroupNumber,WPM,Accuracy %,TotalErrorRate,TimeTaken,TestFile,CorrectChars,IncorrectFixed,IncorrectNotFixed,MouseMovementTime,MouseClicks,MouseScrolls,TotalDuration,Backspaces
2025-11-06 16:11:31,Default,N/A,40.3,100.0,15.8,25.3,Default Text,85,16,0,0.000,0,0,25.316,16
