Participant Number,Original Keyboard,Keyboard Type,Task Type,Mental Demand,Physical Demand,Temporal Demand,Performance,Effort,Frustration Level
15,Both,1,A,1,1,1,10,1,1
15,Both,1,B,7,8,4,5,5,2
15,Both,1,C,3,6,1,5,4,2
15,Both,2,A,1,1,1,7,1,1
15,Both,2,B,6,9,3,5,6,2
15,Both,2,C,6,5,2,4,5,2
8,100,1,A,5,5,5,8,5,3
8,100,1,B,8,3,8,3,10,10
8,100,1,C,6,2,6,10,5,6
8,100,2,A,2,2,2,10,2,1
8,100,2,B,7,7,7,8,5,4
8,100,2,C,4,2,2,10,3,2
11,100,1,B,8,6,6,7,6,2
11,100,1,A,6,3,3,10,6,2
11,100,1,C,7,3,3,9,4,2
11,100,2,B,5,3,7,8,6,1
11,100,2,A,5,2,2,10,2,2
11,100,2,C,6,3,6,3,3,2
16,65,1,A,2,2,2,5,2,2
16,65,1,B,6,2,2,4,2,2
16,65,1,C,4,4,3,5,3,2
16,65,2,A,2,2,5,4,2,2
16,65,2,B,7,7,6,3,7,3
16,65,2,C,2,3,3,4,3,3
12,100,1,A,3,3,3,9,3,2
12,100,1,B,6,6,7,5,7,3
12,100,1,C,7,7,6,4,7,4
12,100,2,A,3,3,4,9,4,2
12,100,2,B,5,4,5,8,5,3
12,100,2,C,3,3,5,8,4,2
4,96,1,A,4,4,3,6,4,3
4,96,1,B,3,5,3,5,7,4
4,96,1,C,3,3,2,7,2,2
4,96,2,A,2,2,3,7,3,4
4,96,2,B,4,4,5,5,6,5
4,96,2,C,3,2,3,7,2,2
30,100,1,A,3,3,3,7,3,2
30,100,1,B,8,7,10,4,8,8
30,100,1,C,5,4,4,7,4,3
30,100,2,A,3,3,3,8,3,2
30,100,2,B,7,6,6,7,7,6
30,100,2,C,3,3,3,8,3,2
9,70,1,A,8,6,4,7,4,3
9,70,1,B,9,4,5,9,6,3
9,70,1,C,3,7,9,7,5,2
9,70,2,A,6,6,4,8,3,2
9,70,2,B,8,4,4,9,5,2
9,70,2,C,7,5,4,7,4,3
24,60,1,A,1,2,1,8,1,1
24,60,1,B,6,3,4,6,5,4
24,60,1,C,6,4,4,6,3,5
24,60,2,A,1,4,1,8,2,1
24,60,2,B,6,7,6,6,5,4
24,60,2,C,5,7,6,6,4,6
13,100,1,A,4,6,8,9,3,3
13,100,1,B,8,8,10,2,9,9
13,100,1,C,5,8,9,5,7,8
13,100,2,A,3,4,7,9,3,3
13,100,2,B,6,6,8,5,8,7
13,100,2,C,4,5,6,9,6,4
17,60,1,A,2,2,1,10,2,1
17,60,1,B,4,3,3,9,4,3
17,60,1,C,5,4,4,8,5,3
17,60,2,A,5,3,1,10,3,2
17,60,2,B,6,7,7,8,6,7
17,60,2,C,4,3,3,9,5,4
25,Laptop,1,A,8,7,8,9,9,9
25,Laptop,1,B,9,9,9,5,9,10
25,Laptop,1,C,7,8,6,9,6,5
25,Laptop,2,A,7,7,8,9,6,6
25,Laptop,2,B,10,9,9,4,10,9
25,Laptop,2,C,8,9,8,8,8,8
19,Laptop,1,A,4,3,6,3,7,5
19,Laptop,1,B,6,7,7,2,8,8
19,Laptop,1,C,3,4,3,6,4,5
19,Laptop,2,A,2,2,1,10,3,1
19,Laptop,2,B,6,6,6,4,7,7
19,Laptop,2,C,6,5,4,5,6,6
2,75,1,A,1,1,1,9,2,1
2,75,1,B,3,4,2,4,4,7
2,75,1,C,2,2,2,9,2,2
2,75,2,A,2,2,2,8,2,2
2,75,2,B,2,2,2,5,2,2
2,75,2,C,2,2,2,7,2,4
7,75,1,A,5,3,8,5,6,5
7,75,1,B,8,6,9,6,8,5
7,75,1,C,6,8,5,7,6,5
7,75,2,A,5,5,4,7,4,2
7,75,2,B,6,5,9,7,6,4
7,75,2,C,4,4,4,9,5,2
3,100,1,B,3,4,2,4,4,7
3,100,1,C,2,8,4,7,9,4
3,100,1,A,3,5,3,8,5,3
3,100,2,B,7,7,3,6,3,4
3,100,2,C,3,2,2,9,1,2
3,100,2,A,1,1,1,10,1,1
26,Laptop,1,A,3,3,2,10,2,1
26,Laptop,1,B,4,4,3,5,6,2
26,Laptop,1,C,5,5,6,8,6,1
26,Laptop,2,A,3,4,5,10,6,3
26,Laptop,2,B,6,7,7,3,8,5
26,Laptop,2,C,6,7,5,3,6,4
18,100,1,A,3,2,3,10,2,1
18,100,1,B,6,6,8,7,8,6
18,100,1,C,4,7,6,10,7,4
18,100,2,A,3,2,1,10,1,1
18,100,2,B,8,9,10,4,9,10
18,100,2,C,4,7,8,10,4,3
32,60,1,A,2,1,2,9,2,1
32,60,1,B,3,1,3,7,3,2
32,60,1,C,2,1,2,9,1,1
32,60,2,A,2,1,2,8,2,1
32,60,2,B,3,1,4,7,4,4
32,60,2,C,2,1,2,8,2,9
28,100,1,A,4,4,3,8,3,1
28,100,1,B,6,4,4,7,4,2
28,100,1,C,3,1,3,9,4,1
28,100,2,A,3,1,3,8,4,1
28,100,2,B,5,2,3,6,5,2
28,100,2,C,3,1,3,9,5,1
33,60,1,A,3,3,4,6,4,4
33,60,1,B,6,3,5,6,4,2
33,60,1,C,6,4,6,5,5,4
33,60,2,A,4,5,7,4,2,4
33,60,2,B,6,6,7,2,5,2
33,60,2,C,4,5,3,5,4,2
21,75,1,A,2,3,4,5,3,2
21,75,1,B,3,4,5,4,3,3
21,75,1,C,3,3,3,5,3,3
21,75,2,A,3,3,4,3,3,3
21,75,2,B,3,4,4,4,3,3
21,75,2,C,3,3,4,4,3,3
20,Laptop,1,A,3,3,1,9,2,1
20,Laptop,1,B,8,8,9,5,8,9
20,Laptop,1,C,6,6,5,7,6,5
20,Laptop,2,A,5,6,6,8,6,7
20,Laptop,2,B,6,6,8,7,7,6
20,Laptop,2,C,7,6,8,6,7,8
22,75,1,A,4,2,2,4,3,2
22,75,1,B,4,3,3,4,3,2
22,75,1,C,2,2,2,4,2,2
22,75,2,A,2,2,3,4,2,1
22,75,2,B,3,2,3,3,2,2
22,75,2,C,2,2,1,5,2,1
31,75 and Laptop,1,A,3,4,4,9,7,4
31,75 and Laptop,1,B,5,6,9,3,8,9
31,75 and Laptop,1,C,5,6,6,9,5,5
31,75 and Laptop,2,A,3,5,5,7,7,7
31,75 and Laptop,2,B,8,5,7,4,8,8
31,75 and Laptop,2,C,6,6,8,4,8,8
14,60,1,A,3,3,1,8,5,1
14,60,1,B,3,3,2,6,7,1
14,60,1,C,3,4,2,7,6,1
14,60,2,A,4,4,2,6,4,1
14,60,2,B,4,2,3,6,5,1
14,60,2,C,4,4,2,6,2,1
5,100,1,C,4,3,3,7,3,4
5,100,1,A,1,1,1,10,1,1
5,100,1,B,5,3,3,4,3,4
5,100,2,A,1,1,1,10,1,1
5,100,2,B,2,2,3,8,4,3
5,100,2,C,1,1,2,9,3,1
1,TKL,1,A,5,5,3,8,4,2
1,TKL,1,B,8,5,6,3,6,6
1,TKL,1,C,4,4,2,8,4,2
1,TKL,2,A,2,3,3,8,4,2
1,TKL,2,B,5,4,5,6,5,5
1,TKL,2,C,2,2,2,8,2,1
27,100,1,A,1,1,1,10,1,1
27,100,1,B,6,1,1,8,1,1
27,100,1,C,4,1,1,2,1,2
27,100,2,A,1,1,1,7,1,1
27,100,2,B,3,1,1,5,3,4
27,100,2,C,1,1,1,9,1,1
6,100,1,A,3,6,2,10,4,1
6,100,1,B,4,10,4,9,4,7
6,100,1,C,3,6,2,10,4,2
6,100,2,A,3,4,3,8,4,2
6,100,2,B,4,7,3,8,4,2
6,100,2,C,3,6,2,10,4,2
29,60,1,A,7,2,8,6,9,3
29,60,1,B,8,3,8,7,9,3
29,60,1,C,6,2,6,9,9,2
29,60,2,A,6,2,6,9,9,2
29,60,2,B,7,2,9,7,9,4
29,60,2,C,7,2,6,8,9,3
23,60,1,A,1,1,1,10,1,1
23,60,1,B,2,3,3,10,4,2
23,60,1,C,2,2,3,10,2,1
23,60,2,A,1,1,1,10,1,1
23,60,2,B,3,5,5,9,3,2
23,60,2,C,1,2,1,10,1,1
10,60,1,A,5,3,5,5,5,5
10,60,1,B,6,5,6,4,6,5
10,60,1,C,5,4,5,5,5,5
10,60,2,A,3,4,4,6,4,2
10,60,2,B,8,4,6,4,6,5
10,60,2,C,5,4,5,5,5,7