Participant Number,Original Keyboard,Keyboard,TaskCode,PreferenceMatch
1,TKL,KB1 (60%),A,0
1,TKL,KB1 (60%),B,0
1,TKL,KB1 (60%),C,0
1,TKL,KB2 (100%),A,0
1,TKL,KB2 (100%),B,0
1,TKL,KB2 (100%),C,0
2,75,KB1 (60%),A,0
2,75,KB1 (60%),B,0
2,75,KB1 (60%),C,0
2,75,KB2 (100%),A,0
2,75,KB2 (100%),B,0
2,75,KB2 (100%),C,0
3,100,KB1 (60%),A,0
3,100,KB1 (60%),B,0
3,100,KB1 (60%),C,0
3,100,KB2 (100%),A,1
3,100,KB2 (100%),B,1
3,100,KB2 (100%),C,1
4,96,KB1 (60%),A,0
4,96,KB1 (60%),B,0
4,96,KB1 (60%),C,0
4,96,KB2 (100%),A,0
4,96,KB2 (100%),B,0
4,96,KB2 (100%),C,0
5,100,KB1 (60%),A,0
5,100,KB1 (60%),B,0
5,100,KB1 (60%),C,0
5,100,KB2 (100%),A,1
5,100,KB2 (100%),B,1
5,100,KB2 (100%),C,1
6,100,KB1 (60%),A,0
6,100,KB1 (60%),B,0
6,100,KB1 (60%),C,0
6,100,KB2 (100%),A,1
6,100,KB2 (100%),B,1
6,100,KB2 (100%),C,1
7,75,KB1 (60%),A,0
7,75,KB1 (60%),B,0
7,75,KB1 (60%),C,0
7,75,KB2 (100%),A,0
7,75,KB2 (100%),B,0
7,75,KB2 (100%),C,0
8,100,KB1 (60%),A,0
8,100,KB1 (60%),B,0
8,100,KB1 (60%),C,0
8,100,KB2 (100%),A,1
8,100,KB2 (100%),B,1
8,100,KB2 (100%),C,1
9,70,KB1 (60%),A,0
9,70,KB1 (60%),B,0
9,70,KB1 (60%),C,0
9,70,KB2 (100%),A,0
9,70,KB2 (100%),B,0
9,70,KB2 (100%),C,0
10,60,KB1 (60%),A,1
10,60,KB1 (60%),B,1
10,60,KB1 (60%),C,1
10,60,KB2 (100%),A,0
10,60,KB2 (100%),B,0
10,60,KB2 (100%),C,0
11,100,KB1 (60%),A,0
11,100,KB1 (60%),B,0
11,100,KB1 (60%),C,0
11,100,KB2 (100%),A,1
11,100,KB2 (100%),B,1
11,100,KB2 (100%),C,1
12,100,KB1 (60%),A,0
12,100,KB1 (60%),B,0
12,100,KB1 (60%),C,0
12,100,KB2 (100%),A,1
12,100,KB2 (100%),B,1
12,100,KB2 (100%),C,1
13,100,KB1 (60%),A,0
13,100,KB1 (60%),B,0
13,100,KB1 (60%),C,0
13,100,KB2 (100%),A,1
13,100,KB2 (100%),B,1
13,100,KB2 (100%),C,1
14,60,KB1 (60%),A,1
14,60,KB1 (60%),B,1
14,60,KB1 (60%),C,1
14,60,KB2 (100%),A,0
14,60,KB2 (100%),B,0
14,60,KB2 (100%),C,0
15,Both,KB1 (60%),A,1
15,Both,KB1 (60%),B,1
15,Both,KB1 (60%),C,1
15,Both,KB2 (100%),A,1
15,Both,KB2 (100%),B,1
15,Both,KB2 (100%),C,1
16,65,KB1 (60%),A,0
16,65,KB1 (60%),B,0
16,65,KB1 (60%),C,0
16,65,KB2 (100%),A,0
16,65,KB2 (100%),B,0
16,65,KB2 (100%),C,0
17,60,KB1 (60%),A,1
17,60,KB1 (60%),B,1
17,60,KB1 (60%),C,1
17,60,KB2 (100%),A,0
17,60,KB2 (100%),B,0
17,60,KB2 (100%),C,0
18,100,KB1 (60%),A,0
18,100,KB1 (60%),B,0
18,100,KB1 (60%),C,0
18,100,KB2 (100%),A,1
18,100,KB2 (100%),B,1
18,100,KB2 (100%),C,1
19,Laptop,KB1 (60%),A,0
19,Laptop,KB1 (60%),B,0
19,Laptop,KB1 (60%),C,0
19,Laptop,KB2 (100%),A,0
19,Laptop,KB2 (100%),B,0
19,Laptop,KB2 (100%),C,0
20,Laptop,KB1 (60%),A,0
20,Laptop,KB1 (60%),B,0
20,Laptop,KB1 (60%),C,0
20,Laptop,KB2 (100%),A,0
20,Laptop,KB2 (100%),B,0
20,Laptop,KB2 (100%),C,0
21,75,KB1 (60%),A,0
21,75,KB1 (60%),B,0
21,75,KB1 (60%),C,0
21,75,KB2 (100%),A,0
21,75,KB2 (100%),B,0
21,75,KB2 (100%),C,0
22,75,KB1 (60%),A,0
22,75,KB1 (60%),B,0
22,75,KB1 (60%),C,0
22,75,KB2 (100%),A,0
22,75,KB2 (100%),B,0
22,75,KB2 (100%),C,0
23,60,KB1 (60%),A,1
23,60,KB1 (60%),B,1
23,60,KB1 (60%),C,1
23,60,KB2 (100%),A,0
23,60,KB2 (100%),B,0
23,60,KB2 (100%),C,0
24,60,KB1 (60%),A,1
24,60,KB1 (60%),B,1
24,60,KB1 (60%),C,1
24,60,KB2 (100%),A,0
24,60,KB2 (100%),B,0
24,60,KB2 (100%),C,0
25,Laptop,KB1 (60%),A,0
25,Laptop,KB1 (60%),B,0
25,Laptop,KB1 (60%),C,0
25,Laptop,KB2 (100%),A,0
25,Laptop,KB2 (100%),B,0
25,Laptop,KB2 (100%),C,0
26,Laptop,KB1 (60%),A,0
26,Laptop,KB1 (60%),B,0
26,Laptop,KB1 (60%),C,0
26,Laptop,KB2 (100%),A,0
26,Laptop,KB2 (100%),B,0
26,Laptop,KB2 (100%),C,0
27,100,KB1 (60%),A,0
27,100,KB1 (60%),B,0
27,100,KB1 (60%),C,0
27,100,KB2 (100%),A,1
27,100,KB2 (100%),B,1
27,100,KB2 (100%),C,1
28,100,KB1 (60%),A,0
28,100,KB1 (60%),B,0
28,100,KB1 (60%),C,0
28,100,KB2 (100%),A,1
28,100,KB2 (100%),B,1
28,100,KB2 (100%),C,1
29,60,KB1 (60%),A,1
29,60,KB1 (60%),B,1
29,60,KB1 (60%),C,1
29,60,KB2 (100%),A,0
29,60,KB2 (100%),B,0
29,60,KB2 (100%),C,0
32,60,KB1 (60%),A,1
32,60,KB1 (60%),B,1
32,60,KB1 (60%),C,1
32,60,KB2 (100%),A,0
32,60,KB2 (100%),B,0
32,60,KB2 (100%),C,0
33,60,KB1 (60%),A,1
33,60,KB1 (60%),B,1
33,60,KB1 (60%),C,1
33,60,KB2 (100%),A,0
33,60,KB2 (100%),B,0
33,60,KB2 (100%),C,0
