Participant Number,GroupNumber,WPM,Accuracy,ErrorRate,MouseTime,Clicks,Backspaces,Scrolls,TotalTime,CorrectChars,IncorrectFixed,IncorrectNotFixed,Keyboard,Task,TaskCode,Original Keyboard,Mental Demand,Physical Demand,Temporal Demand,Performance,Effort,Frustration Level,PreferenceMatch
2,2,89.0,92.4,7.6,0.045,0,25,0,40.982,304,25,0,KB1 (60%),Task A · Text Entry,A,75,1,1,1,9,2,1,0
3,3,73.7,84.9,15.1,0.0,0,54,0,49.531,304,54,0,KB1 (60%),Task A · Text Entry,A,100,3,5,3,8,5,3,0
4,4,61.7,89.6,10.4,0.0,0,40,0,67.079,345,40,0,KB1 (60%),Task A · Text Entry,A,96,4,4,3,6,4,3,0
5,5,68.8,93.5,6.5,0.0,0,24,0,60.183,345,24,0,KB1 (60%),Task A · Text Entry,A,100,1,1,1,10,1,1,0
12,6,53.1,93.8,6.2,0.0,0,23,0,77.976,345,23,0,KB1 (60%),Task A · Text Entry,A,100,3,3,3,9,3,2,0
11,5,57.1,95.6,4.4,0.0,0,16,0,72.495,345,16,0,KB1 (60%),Task A · Text Entry,A,100,6,3,3,10,6,2,0
7,1,82.0,92.7,7.3,0.0,0,24,0,44.502,304,24,0,KB1 (60%),Task A · Text Entry,A,75,5,3,8,5,6,5,0
8,2,66.9,90.4,9.0,0.0,0,30,0,54.191,304,30,0,KB1 (60%),Task A · Text Entry,A,100,5,5,5,8,5,3,0
9,3,70.1,94.7,5.3,3.009,1,17,0,52.004,304,17,0,KB1 (60%),Task A · Text Entry,A,70,8,6,4,7,4,3,0
13,1,55.2,94.7,5.3,0.0,0,17,0,66.053,304,17,0,KB1 (60%),Task A · Text Entry,A,100,4,6,8,9,3,3,0
15,3,93.3,94.7,5.3,0.0,0,17,0,39.113,304,17,0,KB1 (60%),Task A · Text Entry,A,Both,1,1,1,10,1,1,1
16,4,56.5,94.3,5.7,0.0,0,21,0,73.279,345,21,0,KB1 (60%),Task A · Text Entry,A,65,2,2,2,5,2,2,0
17,5,80.7,95.8,4.2,0.0,0,15,0,51.332,345,15,0,KB1 (60%),Task A · Text Entry,A,60,2,2,1,10,2,1,1
18,6,86.8,95.6,4.4,0.0,0,16,0,47.681,345,16,0,KB1 (60%),Task A · Text Entry,A,100,3,2,3,10,2,1,0
19,1,34.2,90.4,9.3,12.02,6,31,0,106.347,304,31,0,KB1 (60%),Task A · Text Entry,A,Laptop,4,3,6,3,7,5,0
20,2,62.9,90.7,9.3,0.0,0,31,0,58.043,304,31,0,KB1 (60%),Task A · Text Entry,A,Laptop,3,3,1,9,2,1,0
1,1,101.0,90.5,9.5,0.0,0,32,0,36.114,304,32,0,KB1 (60%),Task A · Text Entry,A,TKL,5,5,3,8,4,2,0
10,4,69.8,88.9,11.1,0.0,0,43,0,59.317,345,43,0,KB1 (60%),Task A · Text Entry,A,60,5,3,5,5,5,5,1
14,2,102.4,95.6,3.8,0.0,0,12,0,35.382,304,12,0,KB1 (60%),Task A · Text Entry,A,60,3,3,1,8,5,1,1
21,3,36.2,88.9,11.1,0.0,0,38,0,100.85,304,38,0,KB1 (60%),Task A · Text Entry,A,75,2,3,4,5,3,2,0
22,4,60.7,93.8,6.2,0.0,0,23,0,68.168,345,23,0,KB1 (60%),Task A · Text Entry,A,75,4,2,2,4,3,2,0
23,5,71.5,95.0,5.0,0.0,0,18,0,57.928,345,18,0,KB1 (60%),Task A · Text Entry,A,60,1,1,1,10,1,1,1
6,6,34.2,82.6,21.7,2.074,2,70,0,120.0,324,70,20,KB1 (60%),Task A · Text Entry,A,100,3,6,2,10,4,1,0
24,6,80.3,92.7,7.3,0.0,0,27,0,51.559,345,27,0,KB1 (60%),Task A · Text Entry,A,60,1,2,1,8,1,1,1
25,1,48.2,86.4,13.6,0.0,0,48,0,75.73,304,48,0,KB1 (60%),Task A · Text Entry,A,Laptop,8,7,8,9,9,9,0
26,2,48.5,94.7,5.3,0.0,0,17,0,75.173,304,17,0,KB1 (60%),Task A · Text Entry,A,Laptop,3,3,2,10,2,1,0
27,3,106.0,95.9,3.8,0.0,0,12,0,34.316,304,12,0,KB1 (60%),Task A · Text Entry,A,100,1,1,1,10,1,1,0
29,5,82.7,90.8,9.2,0.0,0,35,0,50.032,345,35,0,KB1 (60%),Task A · Text Entry,A,60,7,2,8,6,9,3,1
28,4,73.0,91.5,8.5,0.0,0,32,0,56.716,345,32,0,KB1 (60%),Task A · Text Entry,A,100,4,4,3,8,3,1,0
33,2,56.2,95.6,4.4,0.0,0,14,0,64.946,304,14,0,KB1 (60%),Task A · Text Entry,A,60,3,3,4,6,4,4,1
32,1,73.4,95.3,4.7,0.0,0,15,0,49.666,304,15,0,KB1 (60%),Task A · Text Entry,A,60,2,1,2,9,2,1,1
2,2,96.8,97.1,3.4,0.0,0,12,0,42.76,345,12,0,KB2 (100%),Task A · Text Entry,A,75,2,2,2,8,2,2,0
3,3,100.2,92.8,6.5,0.0,0,24,0,41.297,345,24,0,KB2 (100%),Task A · Text Entry,A,100,1,1,1,10,1,1,1
4,4,64.5,86.2,14.1,0.0,0,50,0,56.587,304,50,0,KB2 (100%),Task A · Text Entry,A,96,2,2,3,7,3,4,0
5,5,79.4,96.2,3.8,0.0,0,12,0,45.967,304,12,0,KB2 (100%),Task A · Text Entry,A,100,1,1,1,10,1,1,1
12,6,44.9,85.6,14.4,0.0,0,51,0,81.212,304,51,0,KB2 (100%),Task A · Text Entry,A,100,3,3,4,9,4,2,1
11,5,51.1,88.5,5.6,2.252,1,18,0,66.877,304,18,0,KB2 (100%),Task A · Text Entry,A,100,5,2,2,10,2,2,1
7,1,81.7,91.5,8.5,0.0,0,32,0,50.701,345,32,0,KB2 (100%),Task A · Text Entry,A,75,5,5,4,7,4,2,0
8,2,73.6,93.2,6.0,0.0,0,22,0,55.797,345,22,0,KB2 (100%),Task A · Text Entry,A,100,2,2,2,10,2,1,1
9,3,71.0,93.7,5.5,0.0,0,20,0,57.839,345,20,0,KB2 (100%),Task A · Text Entry,A,70,6,6,4,8,3,2,0
13,1,62.2,89.4,10.6,0.0,0,41,0,66.536,345,41,0,KB2 (100%),Task A · Text Entry,A,100,3,4,7,9,3,3,1
15,3,78.2,91.0,8.2,0.0,0,31,0,52.501,345,31,0,KB2 (100%),Task A · Text Entry,A,Both,1,1,1,7,1,1,1
16,4,54.8,90.1,8.7,0.0,0,29,0,65.635,304,29,0,KB2 (100%),Task A · Text Entry,A,65,2,2,5,4,2,2,0
17,5,71.8,91.0,8.7,0.0,0,29,0,50.62,304,29,0,KB2 (100%),Task A · Text Entry,A,60,5,3,1,10,3,2,0
18,6,90.0,92.9,6.7,0.0,0,22,0,40.407,304,22,0,KB2 (100%),Task A · Text Entry,A,100,3,2,1,10,1,1,1
19,1,50.3,93.2,6.2,0.0,0,23,0,81.895,345,23,0,KB2 (100%),Task A · Text Entry,A,Laptop,2,2,1,10,3,1,0
20,2,47.1,82.4,17.7,0.0,0,74,0,88.235,345,74,0,KB2 (100%),Task A · Text Entry,A,Laptop,5,6,6,8,6,7,0
1,1,95.5,92.7,7.3,0.0,0,27,0,43.328,345,27,0,KB2 (100%),Task A · Text Entry,A,TKL,2,3,3,8,4,2,0
10,4,94.8,97.1,2.9,0.0,0,9,0,38.468,304,9,0,KB2 (100%),Task A · Text Entry,A,60,3,4,4,6,4,2,0
14,2,75.7,86.0,10.6,0.0,0,41,0,52.66,345,41,0,KB2 (100%),Task A · Text Entry,A,60,4,4,2,6,4,1,0
21,3,32.2,84.3,15.4,0.0,0,57,0,120.0,324,57,2,KB2 (100%),Task A · Text Entry,A,75,3,3,4,3,3,3,0
22,4,62.6,92.6,5.9,0.0,0,19,0,57.301,304,19,0,KB2 (100%),Task A · Text Entry,A,75,2,2,3,4,2,1,0
23,5,84.8,97.7,2.3,0.0,0,7,0,43.04,304,7,0,KB2 (100%),Task A · Text Entry,A,60,1,1,1,10,1,1,0
6,6,48.6,82.3,17.4,0.0,0,64,0,74.784,304,64,0,KB2 (100%),Task A · Text Entry,A,100,3,4,3,8,4,2,1
24,6,80.8,94.4,5.3,2.767,1,17,0,45.026,304,17,0,KB2 (100%),Task A · Text Entry,A,60,1,4,1,8,2,1,0
25,1,40.5,81.6,17.7,4.095,2,74,0,101.259,345,74,0,KB2 (100%),Task A · Text Entry,A,Laptop,7,7,8,9,6,6,0
26,2,39.4,91.3,8.7,0.0,0,33,0,105.103,345,33,0,KB2 (100%),Task A · Text Entry,A,Laptop,3,4,5,10,6,3,0
27,3,77.0,85.2,12.2,0.0,0,48,0,52.233,345,48,0,KB2 (100%),Task A · Text Entry,A,100,1,1,1,7,1,1,1
29,5,95.6,93.0,7.0,0.0,0,23,0,38.146,304,23,0,KB2 (100%),Task A · Text Entry,A,60,6,2,6,9,9,2,0
28,4,66.2,88.9,11.1,0.0,0,38,0,55.081,304,38,0,KB2 (100%),Task A · Text Entry,A,100,3,1,3,8,4,1,1
33,2,53.8,96.4,3.4,0.0,0,12,0,76.738,345,12,0,KB2 (100%),Task A · Text Entry,A,60,4,5,7,4,2,4,0
32,1,68.1,90.5,9.2,0.0,0,35,0,60.608,345,35,0,KB2 (100%),Task A · Text Entry,A,60,2,1,2,8,2,1,0
2,2,26.6,82.4,17.6,0.0,0,56,0,120.0,266,56,1,KB1 (60%),Task B · Number Entry,B,75,3,4,2,4,4,7,0
3,3,45.2,89.3,10.7,0.0,0,37,0,82.298,310,37,0,KB1 (60%),Task B · Number Entry,B,100,3,4,2,4,4,7,0
4,4,29.8,83.7,16.3,0.0,0,58,0,120.0,298,58,0,KB1 (60%),Task B · Number Entry,B,96,3,5,3,5,7,4,0
5,5,20.6,91.2,30.5,1.498,2,19,0,120.0,157,19,50,KB1 (60%),Task B · Number Entry,B,100,5,3,3,4,3,4,0
12,6,18.3,78.9,21.1,0.0,0,49,0,120.0,183,49,0,KB1 (60%),Task B · Number Entry,B,100,6,6,7,5,7,3,0
11,5,26.2,92.3,7.7,0.743,0,22,0,120.0,262,22,0,KB1 (60%),Task B · Number Entry,B,100,8,6,6,7,6,2,0
7,1,42.9,90.9,9.1,0.0,0,31,0,86.757,310,31,0,KB1 (60%),Task B · Number Entry,B,75,8,6,9,6,8,5,0
8,2,25.3,81.1,18.8,0.0,0,59,0,120.0,254,59,0,KB1 (60%),Task B · Number Entry,B,100,8,3,8,3,10,10,0
9,3,37.2,90.6,9.4,0.0,0,32,0,100.002,310,32,0,KB1 (60%),Task B · Number Entry,B,70,9,4,5,9,6,3,0
13,1,16.3,69.7,30.3,0.0,0,71,0,120.0,163,71,0,KB1 (60%),Task B · Number Entry,B,100,8,8,10,2,9,9,0
15,3,31.7,88.3,11.7,0.0,0,41,0,117.507,310,41,0,KB1 (60%),Task B · Number Entry,B,Both,7,8,4,5,5,2,1
16,4,22.6,82.8,17.2,0.0,0,47,0,120.0,226,47,0,KB1 (60%),Task B · Number Entry,B,65,6,2,2,4,2,2,0
17,5,35.4,90.6,9.4,0.0,0,32,0,104.37,308,32,0,KB1 (60%),Task B · Number Entry,B,60,4,3,3,9,4,3,1
18,6,29.9,90.9,9.1,0.0,0,30,0,120.0,298,30,0,KB1 (60%),Task B · Number Entry,B,100,6,6,8,7,8,6,0
19,1,18.5,83.3,16.7,2.121,0,37,0,120.0,185,37,0,KB1 (60%),Task B · Number Entry,B,Laptop,6,7,7,2,8,8,0
20,2,20.8,84.2,15.9,0.0,0,38,0,120.0,207,38,1,KB1 (60%),Task B · Number Entry,B,Laptop,8,8,9,5,8,9,0
1,1,34.1,86.1,13.9,0.0,0,50,0,109.15,310,50,0,KB1 (60%),Task B · Number Entry,B,TKL,8,5,6,3,6,6,0
10,4,28.4,93.7,4.6,4.37,2,14,0,120.0,289,14,0,KB1 (60%),Task B · Number Entry,B,60,6,5,6,4,6,5,1
14,2,41.8,89.0,10.1,0.0,0,35,0,88.197,310,35,0,KB1 (60%),Task B · Number Entry,B,60,3,3,2,6,7,1,1
21,3,17.7,83.9,16.1,0.0,0,34,0,120.0,177,34,0,KB1 (60%),Task B · Number Entry,B,75,3,4,5,4,3,3,0
22,4,32.8,90.6,9.4,0.0,0,32,0,112.661,308,32,0,KB1 (60%),Task B · Number Entry,B,75,4,3,3,4,3,2,0
23,5,35.0,93.9,6.1,0.0,0,20,0,105.666,308,20,0,KB1 (60%),Task B · Number Entry,B,60,2,3,3,10,4,2,1
6,6,24.3,88.0,12.0,0.0,0,33,0,120.0,243,33,0,KB1 (60%),Task B · Number Entry,B,100,4,10,4,9,4,7,0
24,6,38.0,89.5,10.5,0.075,0,36,0,97.39,308,36,0,KB1 (60%),Task B · Number Entry,B,60,6,3,4,6,5,4,1
25,1,30.2,81.8,18.2,0.0,0,66,0,120.0,302,66,1,KB1 (60%),Task B · Number Entry,B,Laptop,9,9,9,5,9,10,0
26,2,19.4,93.3,6.7,0.0,0,14,0,120.0,194,14,0,KB1 (60%),Task B · Number Entry,B,Laptop,4,4,3,5,6,2,0
27,3,46.6,88.8,10.7,3.111,2,37,0,79.324,310,37,0,KB1 (60%),Task B · Number Entry,B,100,6,1,1,8,1,1,0
29,5,38.5,86.5,13.5,0.0,0,48,0,95.916,308,48,0,KB1 (60%),Task B · Number Entry,B,60,8,3,8,7,9,3,1
28,4,30.5,89.7,10.3,0.0,0,35,0,120.0,306,35,0,KB1 (60%),Task B · Number Entry,B,100,6,4,4,7,4,2,0
33,2,25.0,95.1,4.9,0.434,0,13,0,120.0,251,13,0,KB1 (60%),Task B · Number Entry,B,60,6,3,5,6,4,2,1
32,1,8.9,37.7,16.1,11.972,9,35,0,120.0,198,35,3,KB1 (60%),Task B · Number Entry,B,60,3,1,3,7,3,2,1
2,2,30.2,88.2,12.5,0.0,0,43,0,120.0,302,43,0,KB2 (100%),Task B · Number Entry,B,75,2,2,2,5,2,2,0
3,3,38.2,87.3,12.7,0.0,0,45,0,96.711,308,45,0,KB2 (100%),Task B · Number Entry,B,100,7,7,3,6,3,4,1
4,4,32.0,80.2,15.3,0.0,0,56,0,116.136,310,56,0,KB2 (100%),Task B · Number Entry,B,96,4,4,5,5,6,5,0
5,5,26.2,87.3,12.7,0.0,0,38,0,120.0,262,38,0,KB2 (100%),Task B · Number Entry,B,100,2,2,3,8,4,3,1
12,6,21.2,80.6,15.6,0.0,0,41,0,120.0,221,41,0,KB2 (100%),Task B · Number Entry,B,100,5,4,5,8,5,3,1
11,5,27.3,84.8,5.9,0.0,0,18,0,120.0,303,18,1,KB2 (100%),Task B · Number Entry,B,100,5,3,7,8,6,1,1
7,1,45.3,86.8,13.2,0.0,0,47,0,81.506,308,47,0,KB2 (100%),Task B · Number Entry,B,75,6,5,9,7,6,4,0
8,2,27.0,85.2,14.5,0.0,0,46,0,120.0,271,46,0,KB2 (100%),Task B · Number Entry,B,100,7,7,7,8,5,4,1
9,3,41.1,89.2,10.5,0.0,0,36,0,89.58,308,36,0,KB2 (100%),Task B · Number Entry,B,70,8,4,4,9,5,2,0
13,1,24.2,79.9,20.1,0.0,0,61,0,120.0,243,61,0,KB2 (100%),Task B · Number Entry,B,100,6,6,8,5,8,7,1
15,3,32.8,87.8,10.7,0.0,0,37,0,110.737,308,37,0,KB2 (100%),Task B · Number Entry,B,Both,6,9,3,5,6,2,1
16,4,20.0,76.9,23.2,0.0,0,59,0,120.0,199,59,1,KB2 (100%),Task B · Number Entry,B,65,7,7,6,3,7,3,0
17,5,29.5,86.8,13.2,0.0,0,44,0,120.0,295,44,1,KB2 (100%),Task B · Number Entry,B,60,6,7,7,8,6,7,0
18,6,27.6,82.6,15.6,0.0,0,52,0,120.0,282,52,0,KB2 (100%),Task B · Number Entry,B,100,8,9,10,4,9,10,1
19,1,19.5,85.5,14.5,0.0,0,33,0,120.0,195,33,0,KB2 (100%),Task B · Number Entry,B,Laptop,6,6,6,4,7,7,0
20,2,20.7,83.8,16.2,0.0,0,38,0,120.0,207,38,2,KB2 (100%),Task B · Number Entry,B,Laptop,6,6,8,7,7,6,0
1,1,40.9,82.6,17.2,0.0,0,64,0,90.44,308,64,0,KB2 (100%),Task B · Number Entry,B,TKL,5,4,5,6,5,5,0
10,4,19.9,86.1,13.9,0.0,0,32,0,120.0,199,32,0,KB2 (100%),Task B · Number Entry,B,60,8,4,6,4,6,5,0
14,2,39.6,86.6,12.3,0.0,0,43,0,92.187,308,43,0,KB2 (100%),Task B · Number Entry,B,60,4,2,3,6,5,1,0
21,3,16.3,83.2,16.8,0.0,0,33,0,120.0,163,33,0,KB2 (100%),Task B · Number Entry,B,75,3,4,4,4,3,3,0
22,4,29.7,86.8,12.5,0.0,0,43,0,120.0,300,43,0,KB2 (100%),Task B · Number Entry,B,75,3,2,3,3,2,2,0
23,5,30.4,95.0,5.0,0.0,0,16,0,120.0,304,16,0,KB2 (100%),Task B · Number Entry,B,60,3,5,5,9,3,2,0
6,6,22.4,73.7,25.7,0.0,0,78,0,120.0,226,78,0,KB2 (100%),Task B · Number Entry,B,100,4,7,3,8,4,2,1
24,6,33.1,86.0,12.9,7.343,4,46,0,110.947,310,46,0,KB2 (100%),Task B · Number Entry,B,60,6,7,6,6,5,4,0
25,1,27.7,74.5,25.5,0.0,0,90,0,120.0,277,90,5,KB2 (100%),Task B · Number Entry,B,Laptop,10,9,9,4,10,9,0
26,2,18.4,88.9,11.1,0.0,0,23,0,120.0,184,23,0,KB2 (100%),Task B · Number Entry,B,Laptop,6,7,7,3,8,5,0
27,3,45.0,84.3,14.9,0.0,0,54,0,81.404,308,54,0,KB2 (100%),Task B · Number Entry,B,100,3,1,1,5,3,4,1
29,5,33.7,81.8,18.2,0.0,0,69,0,110.405,310,69,0,KB2 (100%),Task B · Number Entry,B,60,7,2,9,7,9,4,0
28,4,26.9,88.5,11.5,0.0,0,35,0,120.0,269,35,0,KB2 (100%),Task B · Number Entry,B,100,5,2,3,6,5,2,1
33,2,28.9,91.2,8.8,0.0,0,28,0,120.0,290,28,0,KB2 (100%),Task B · Number Entry,B,60,6,6,7,2,5,2,0
32,1,37.8,84.6,15.4,0.0,0,56,0,97.675,308,56,0,KB2 (100%),Task B · Number Entry,B,60,3,1,4,7,4,4,0
2,2,40.2,89.2,10.8,-67.6,0,34,0,83.811,281,34,0,KB1 (60%),Task C · Programming,C,75,2,2,2,9,2,2,0
3,3,43.6,87.2,14.8,-57.6,0,49,0,77.343,281,49,0,KB1 (60%),Task C · Programming,C,100,2,8,4,7,9,4,0
4,4,55.4,93.1,7.4,-78.3,0,26,0,70.785,327,26,0,KB1 (60%),Task C · Programming,C,96,3,3,2,7,2,2,0
5,5,31.0,89.6,10.4,0.101,0,36,0,120.0,310,36,0,KB1 (60%),Task C · Programming,C,100,4,3,3,7,3,4,0
12,6,15.1,74.8,14.4,9.434,10,29,0,120.0,173,29,0,KB1 (60%),Task C · Programming,C,100,7,7,6,4,7,4,0
11,5,34.3,94.0,6.0,0.0,0,21,0,114.396,327,21,0,KB1 (60%),Task C · Programming,C,100,7,3,3,9,4,2,0
7,1,57.5,93.4,6.6,0.0,0,20,0,58.649,281,20,0,KB1 (60%),Task C · Programming,C,75,6,8,5,7,6,5,0
8,2,40.0,92.7,7.3,0.0,0,22,0,84.313,281,22,0,KB1 (60%),Task C · Programming,C,100,6,2,6,10,5,6,0
9,3,45.7,91.8,8.2,0.0,0,25,0,73.785,281,25,0,KB1 (60%),Task C · Programming,C,70,3,7,9,7,5,2,0
13,1,3.9,14.9,28.4,2.038,2,72,0,120.0,187,72,2,KB1 (60%),Task C · Programming,C,100,5,8,9,5,7,8,0
15,3,40.4,85.7,14.3,0.0,0,47,0,83.375,281,47,0,KB1 (60%),Task C · Programming,C,Both,3,6,1,5,4,2,1
16,4,30.0,86.2,13.8,0.0,0,48,0,120.0,300,48,0,KB1 (60%),Task C · Programming,C,65,4,4,3,5,3,2,0
17,5,38.5,94.2,5.8,0.0,0,20,0,102.015,327,20,0,KB1 (60%),Task C · Programming,C,60,5,4,4,8,5,3,1
18,6,43.1,90.6,9.4,0.0,0,34,0,91.064,327,34,0,KB1 (60%),Task C · Programming,C,100,4,7,6,10,7,4,0
19,1,25.1,93.0,7.0,0.0,0,19,0,120.0,251,19,0,KB1 (60%),Task C · Programming,C,Laptop,3,4,3,6,4,5,0
20,2,27.9,88.3,11.7,0.0,0,37,0,120.0,279,37,0,KB1 (60%),Task C · Programming,C,Laptop,6,6,5,7,6,5,0
1,1,59.3,93.0,7.0,0.0,0,21,0,56.839,281,21,0,KB1 (60%),Task C · Programming,C,TKL,4,4,2,8,4,2,0
10,4,33.1,93.4,5.8,10.888,9,20,0,117.385,327,20,0,KB1 (60%),Task C · Programming,C,60,5,4,5,5,5,5,1
14,2,49.4,85.4,12.5,0.0,0,40,0,66.586,281,40,0,KB1 (60%),Task C · Programming,C,60,3,4,2,7,6,1,1
21,3,20.2,84.9,15.1,0.0,0,35,0,120.0,202,35,1,KB1 (60%),Task C · Programming,C,75,3,3,3,5,3,3,0
22,4,38.4,88.4,11.6,0.0,0,43,0,102.215,327,43,0,KB1 (60%),Task C · Programming,C,75,2,2,2,4,2,2,0
23,5,51.3,97.6,2.4,0.0,0,8,0,76.424,327,8,0,KB1 (60%),Task C · Programming,C,60,2,2,3,10,2,1,1
6,6,27.8,86.6,13.4,0.0,0,43,0,120.0,277,43,0,KB1 (60%),Task C · Programming,C,100,3,6,2,10,4,2,0
24,6,42.9,89.6,10.4,0.0,0,38,0,91.384,327,38,0,KB1 (60%),Task C · Programming,C,60,6,4,4,6,3,5,1
25,1,40.2,91.2,8.8,0.0,0,27,0,83.94,281,27,0,KB1 (60%),Task C · Programming,C,Laptop,7,8,6,9,6,5,0
26,2,28.7,94.9,5.1,0.0,0,15,0,117.664,281,15,0,KB1 (60%),Task C · Programming,C,Laptop,5,5,6,8,6,1,0
27,3,57.4,90.9,8.5,0.0,0,26,0,58.377,281,26,0,KB1 (60%),Task C · Programming,C,100,4,1,1,2,1,2,0
29,5,58.4,90.8,9.2,0.0,0,33,0,67.193,327,33,0,KB1 (60%),Task C · Programming,C,60,6,2,6,9,9,2,1
28,4,36.2,91.9,8.1,0.0,0,29,0,108.374,327,29,0,KB1 (60%),Task C · Programming,C,100,3,1,3,9,4,1,0
33,2,30.4,93.4,6.6,0.0,0,20,0,110.919,281,20,0,KB1 (60%),Task C · Programming,C,60,6,4,6,5,5,4,1
32,1,42.6,88.6,11.4,0.0,0,36,0,79.216,281,36,0,KB1 (60%),Task C · Programming,C,60,2,1,2,9,1,1,1
2,2,34.7,83.5,16.8,2.184,1,66,4,113.118,327,66,0,KB2 (100%),Task C · Programming,C,75,2,2,2,7,2,4,0
3,3,60.5,85.4,14.2,0.0,0,54,0,64.878,327,54,0,KB2 (100%),Task C · Programming,C,100,3,2,2,9,1,2,1
4,4,49.7,94.3,6.0,0.0,0,18,0,67.785,281,18,0,KB2 (100%),Task C · Programming,C,96,3,2,3,7,2,2,0
5,5,32.9,90.9,9.1,0.0,0,28,0,102.489,281,28,0,KB2 (100%),Task C · Programming,C,100,1,1,2,9,3,1,1
12,6,16.2,66.9,12.0,0.0,0,29,0,120.0,213,29,0,KB2 (100%),Task C · Programming,C,100,3,3,5,8,4,2,1
11,5,15.4,56.4,10.6,0.0,0,26,0,120.0,244,26,3,KB2 (100%),Task C · Programming,C,100,6,3,6,3,3,2,1
7,1,59.2,89.3,10.7,0.0,0,39,0,66.3,327,39,0,KB2 (100%),Task C · Programming,C,75,4,4,4,9,5,2,0
8,2,40.9,89.7,9.2,0.0,0,33,0,94.726,327,33,0,KB2 (100%),Task C · Programming,C,100,4,2,2,10,3,2,1
9,3,43.0,89.1,10.9,0.0,0,40,0,91.309,327,40,0,KB2 (100%),Task C · Programming,C,70,7,5,4,7,4,3,0
13,1,34.9,85.4,14.6,0.0,0,56,0,112.535,327,56,0,KB2 (100%),Task C · Programming,C,100,4,5,6,9,6,4,1
15,3,39.7,84.5,15.5,0.0,0,60,0,98.84,327,60,0,KB2 (100%),Task C · Programming,C,Both,6,5,2,4,5,2,1
16,4,27.7,87.1,12.9,0.0,0,40,0,120.0,277,40,1,KB2 (100%),Task C · Programming,C,65,2,3,3,4,3,3,0
17,5,31.2,89.2,10.8,0.0,0,34,0,108.156,281,34,0,KB2 (100%),Task C · Programming,C,60,4,3,3,9,5,4,0
18,6,40.9,86.2,13.8,0.0,0,45,0,82.53,281,45,0,KB2 (100%),Task C · Programming,C,100,4,7,8,10,4,3,1
19,1,26.0,88.1,11.8,0.0,0,33,0,120.0,262,33,2,KB2 (100%),Task C · Programming,C,Laptop,6,5,4,5,6,6,0
20,2,28.2,83.9,16.1,0.0,0,51,0,120.0,282,51,3,KB2 (100%),Task C · Programming,C,Laptop,7,6,8,6,7,8,0
1,1,61.9,87.0,13.0,0.0,0,49,0,63.357,327,49,0,KB2 (100%),Task C · Programming,C,TKL,2,2,2,8,2,1,0
10,4,32.3,95.9,3.4,0.0,0,10,0,103.653,281,10,0,KB2 (100%),Task C · Programming,C,60,5,4,5,5,5,7,0
14,2,50.6,86.4,11.4,0.0,0,42,0,75.65,327,42,0,KB2 (100%),Task C · Programming,C,60,4,4,2,6,2,1,0
21,3,26.1,91.3,8.7,0.0,0,25,0,120.0,261,25,0,KB2 (100%),Task C · Programming,C,75,3,3,4,4,3,3,0
22,4,40.5,92.4,7.3,0.0,0,22,0,82.893,281,22,0,KB2 (100%),Task C · Programming,C,75,2,2,1,5,2,1,0
23,5,45.6,96.6,3.4,0.0,0,10,0,74.014,281,10,0,KB2 (100%),Task C · Programming,C,60,1,2,1,10,1,1,0
6,6,23.8,76.0,22.4,0.0,0,70,0,120.0,243,70,0,KB2 (100%),Task C · Programming,C,100,3,6,2,10,4,2,1
24,6,32.0,84.1,15.6,9.251,11,52,0,104.878,281,52,0,KB2 (100%),Task C · Programming,C,60,5,7,6,6,4,6,0
25,1,32.4,82.2,17.5,0.0,2,67,0,120.0,325,67,2,KB2 (100%),Task C · Programming,C,Laptop,8,9,8,8,8,8,0
26,2,23.9,90.9,9.1,0.0,0,24,0,120.0,239,24,0,KB2 (100%),Task C · Programming,C,Laptop,6,7,5,3,6,4,0
27,3,54.3,85.8,13.7,2.127,2,52,0,71.828,327,52,0,KB2 (100%),Task C · Programming,C,100,1,1,1,9,1,1,1
29,5,43.1,84.2,15.9,0.0,0,53,0,78.481,281,53,0,KB2 (100%),Task C · Programming,C,60,7,2,6,8,9,3,0
28,4,30.9,91.5,8.5,0.0,0,26,0,108.975,281,26,0,KB2 (100%),Task C · Programming,C,100,3,1,3,9,5,1,1
33,2,32.1,95.5,4.2,1.25,0,14,0,120.0,322,14,0,KB2 (100%),Task C · Programming,C,60,4,5,3,5,4,2,0
32,1,49.3,90.1,9.7,0.0,0,35,0,79.323,327,35,0,KB2 (100%),Task C · Programming,C,60,2,1,2,8,2,9,0
