DV,F_PreferenceMatch,F_PreferenceMatch:TaskCode,F_TaskCode,eta_p2_PreferenceMatch,eta_p2_PreferenceMatch:TaskCode,eta_p2_TaskCode,p_PreferenceMatch,p_PreferenceMatch:TaskCode,p_TaskCode
Accuracy,0.0010049280812873583,0.21877590984519346,6.063451628502199,6.699475658640928e-06,0.0029085279200423476,0.07479883358890023,0.9747529572851634,0.8037576842183185,0.0029357081019340168
Effort,4.329681648020209,0.6812764653982566,23.670936477443764,0.028054756556129736,0.009001915628494169,0.23989775837239524,0.03915335937355284,0.5075293049544299,1.1625215140373025e-09
ErrorRate,0.06596343775918741,1.8796297525266652,30.198965160005525,0.0004395629511721101,0.024448995898876464,0.28706523029074954,0.7976592672749511,0.15622427561168262,9.522142520584899e-12
Frustration Level,1.1289812552589475,0.5832819683047201,20.67805604912501,0.007470316056402726,0.0077170764898686845,0.2161211975137544,0.28970038506380236,0.5593244623404336,1.1713024097317868e-08
Mental Demand,7.351965988602185,0.8734128446373514,36.33785225469011,0.04672306407112019,0.011511447974876264,0.32637464724544635,0.007481016305707878,0.41963654149437835,1.353261736161013e-13
Performance,0.9252750695542975,0.2631593124168377,23.95807873783223,0.006130683340665652,0.0034965222669495616,0.24210331327575507,0.33764178087043106,0.7689735510176675,9.348687348802914e-10
Physical Demand,14.254302635334394,1.9275229081100018,11.744210292663544,0.08678191320796493,0.025056349603410858,0.1353889816166419,0.00022957083674109523,0.14909519134156016,1.826238242266529e-05
Temporal Demand,3.1394402044518435,0.884563147562815,23.388199121951818,0.02050053337181115,0.01165669420594437,0.23771345883628003,0.07845038435826861,0.4150370619902978,1.441680084556302e-09
WPM,4.423811434482508,2.441119537251946,217.92441761833413,0.028647210513641552,0.03152226558498654,0.743961255911,0.03710993538569356,0.09051551901582684,4.196880643883701e-45
